"route_number","stop_name","hour","minutes"
"305","ქიზიყის ქუჩა #5 - [2929]","STOP_NAME","1"
"305","ქიზიყის ქუჩა #7 - [3222]","STOP_NAME","2"
"305","ქიზიყის ქუჩა #11 - [3220]","STOP_NAME","3"
"305","პოლიციის ქუჩა - [3223]","STOP_NAME","4"
"305","პეტრე სურგულაძის ქუჩა - [3211]","STOP_NAME","5"
"305","აბელ ენუქიძის ქუჩა - [2823]","STOP_NAME","6"
"305","ბესარიონ ჭიჭინაძის შესახვევი - [3212]","STOP_NAME","7"
"305","შალვა ნებიერიძის ქუჩა - [3213]","STOP_NAME","8"
"305","ლუკა რაზიკაშვილის ქუჩა - [3214]","STOP_NAME","9"
"305","#201-ე სუსტმხედველთა საჯარო სკოლა - [1098]","STOP_NAME","10"
"305","ბესარიონ ჭიჭინაძის ქუჩა #21 - [1095]","STOP_NAME","11"
"305","#94-ე საჯარო სკოლა - [1099]","STOP_NAME","12"
"305","#131-ე საჯარო სკოლა - [1093]","STOP_NAME","13"
"305","ზურაბ კვანტრიშვილის ქუჩა - [1101]","STOP_NAME","14"
"305","გუმათჰესის ქუჩა #10 - [1102]","STOP_NAME","15"
"305","ენგურჰესის ქუჩა - [3068]","STOP_NAME","16"
"305","ბესარიონ ჭიჭინაძის ქუჩა - [1103]","STOP_NAME","17"
"305","ფრონეს ქუჩა - [1091]","STOP_NAME","18"
"305","რქაწითლის ქუჩა - [3532]","STOP_NAME","19"
"305","ქინძმარაულის ქუჩა #32 - [3533]","STOP_NAME","20"
"305","ქინძმარაულის ქუჩა #15 - [1088]","STOP_NAME","21"
"305","საფერავის ქუჩა - [1090]","STOP_NAME","22"
"305","რკინიგზის მახარისხებელი - [1086]","STOP_NAME","23"
"305","გადასასვლელი ხიდი - [3536]","STOP_NAME","24"
"305","სამგორის პოლიციის დეპარტამენტი - [3055]","STOP_NAME","25"
"305","მოსკოვის გამზირი #47 - [1082]","STOP_NAME","26"
"305","ნანა სამარგულიანის ქუჩა - [1080]","STOP_NAME","27"
"305","მოსკოვის გამზირი #38 - [1076]","STOP_NAME","28"
"305","მოსკოვის გამზირი #24ა - [1074]","STOP_NAME","29"
"305","სამგორის რაიონის გამგეობა - [1498]","STOP_NAME","30"
"305","მოსკოვის გამზირი #19 - [1071]","STOP_NAME","31"
"305","მოსკოვის გამზირი #15 - [1069]","STOP_NAME","32"
"305","ვარლამ ჩერქეზიშვილის ქუჩა - [2149]","STOP_NAME","33"
"305","მ/ს "სამგორი" - [1066]","STOP_NAME","34"
"305","ტბელ აბუსერიძის ქუჩა - [3097]","STOP_NAME","35"
"305","მ/ს "ისანი" - [4584]","STOP_NAME","36"
"305","#87-ე საჯარო სკოლა - [1016]","STOP_NAME","37"
"305","ლეხ კაჩინსკის ქუჩა - [1014]","STOP_NAME","38"
"305","#96-ე საჯარო სკოლა - [2123]","STOP_NAME","39"
"305","მ/ს "300 არაგველი" - [4351]","STOP_NAME","40"
"305","#89-ე საჯარო სკოლა - [4348]","STOP_NAME","41"
"305","#202-ე უსინათლო და მცირემხედველთა საჯარო სკოლა - [4324]","STOP_NAME","42"
"305","მ/ს "ავლაბარი" - [4344]","STOP_NAME","43"
"305","ნიკოლოზ ბარათაშვილის ქუჩა - [3983]","STOP_NAME","44"
"305","თავისუფლების მოედანი - [822]","STOP_NAME","45"
"305","პირველი კლასიკური გიმნაზია - [819]","STOP_NAME","46"
"305","ოპერის თეატრი - [817]","STOP_NAME","47"
"305","მ/ს "რუსთაველი" - [815]","STOP_NAME","48"
"305","ფილარმონია - [4358]","STOP_NAME","49"
"305","მერაბ კოსტავას ქუჩა #47 - [810]","STOP_NAME","50"
"305","გმირთა მოედანი - [803]","STOP_NAME","51"
"305","სიმონ ჩიქოვანის ქუჩა - [3087]","STOP_NAME","52"
"305","პეკინის გამზირი - [926]","STOP_NAME","53"
"305","მ/ს "ტექნიკური უნივერსიტეტი" - [928]","STOP_NAME","54"
"305","სულხან ცინცაძის ქუჩა - [929]","STOP_NAME","55"
"305","ადამ მიცკევიჩის ქუჩა - [931]","STOP_NAME","56"
"305","მ/ს "სამედიცინო უნივერსიტეტი" - [1050]","STOP_NAME","57"
"305","ოთარ ჭილაძის ქუჩა - [1051]","STOP_NAME","58"
"305","რესპუბლიკური საავადმყოფო - [1054]","STOP_NAME","59"
"305","სამედიცინო უნივერსიტეტი - [1055]","STOP_NAME","60"
"305","მიხეილ ასათიანის ქუჩა - [997]","STOP_NAME","61"
"305","მ/ს "დელისი" - [4602]","STOP_NAME","62"
"305","პეტრე ქავთარაძის ქუჩა #19 - [3103]","STOP_NAME","63"
"305","დავით თავხელიძის ქუჩა - [990]","STOP_NAME","64"
"305","#122-ე საჯარო სკოლა - [988]","STOP_NAME","65"
"305","პეტრე ქავთარაძის ქუჩა #33 - [992]","STOP_NAME","66"
"305","#35-ე საჯარო სკოლა - [986]","STOP_NAME","67"
"305","პეტრე ქავთარაძის ქუჩა #45 - [984]","STOP_NAME","68"
"305","სპეციალური პენიტენციური სამსახური - [983]","STOP_NAME","69"
"305","ბაგების საბაგირო - [976]","STOP_NAME","70"
"305","უნივერსიტეტის მაღლივი კორპუსი - [977]","STOP_NAME","71"
"302","ქიზიყის ქუჩა #5 - [2929]","STOP_NAME","1"
"302","ქიზიყის ქუჩა #7 - [3222]","STOP_NAME","2"
"302","ქიზიყის ქუჩა #11 - [3220]","STOP_NAME","3"
"302","პოლიციის ქუჩა - [3223]","STOP_NAME","4"
"302","პეტრე სურგულაძის ქუჩა - [3211]","STOP_NAME","5"
"302","აბელ ენუქიძის ქუჩა - [2823]","STOP_NAME","6"
"302","ბესარიონ ჭიჭინაძის შესახვევი - [3212]","STOP_NAME","7"
"302","შალვა ნებიერიძის ქუჩა - [3213]","STOP_NAME","8"
"302","ლუკა რაზიკაშვილის ქუჩა - [3214]","STOP_NAME","9"
"302","#201-ე სუსტმხედველთა საჯარო სკოლა - [1098]","STOP_NAME","10"
"302","ბესარიონ ჭიჭინაძის ქუჩა #21 - [1095]","STOP_NAME","11"
"302","#94-ე საჯარო სკოლა - [1099]","STOP_NAME","12"
"302","#131-ე საჯარო სკოლა - [1093]","STOP_NAME","13"
"302","ზურაბ კვანტრიშვილის ქუჩა - [1101]","STOP_NAME","14"
"302","გუმათჰესის ქუჩა #10 - [1102]","STOP_NAME","15"
"302","ენგურჰესის ქუჩა - [3068]","STOP_NAME","16"
"302","ბესარიონ ჭიჭინაძის ქუჩა - [1103]","STOP_NAME","17"
"302","ფრონეს ქუჩა - [1091]","STOP_NAME","18"
"302","რქაწითლის ქუჩა - [3532]","STOP_NAME","19"
"302","ქინძმარაულის ქუჩა #32 - [3533]","STOP_NAME","20"
"302","ქინძმარაულის ქუჩა #15 - [1088]","STOP_NAME","21"
"302","საფერავის ქუჩა - [1090]","STOP_NAME","22"
"302","რკინიგზის მახარისხებელი - [1086]","STOP_NAME","23"
"302","გადასასვლელი ხიდი - [3536]","STOP_NAME","24"
"302","სამგორის პოლიციის დეპარტამენტი - [3055]","STOP_NAME","25"
"302","მოსკოვის გამზირი #47 - [1082]","STOP_NAME","26"
"302","ნანა სამარგულიანის ქუჩა - [1080]","STOP_NAME","27"
"302","მოსკოვის გამზირი #38 - [1076]","STOP_NAME","28"
"302","მოსკოვის გამზირი #24ა - [1074]","STOP_NAME","29"
"302","სამგორის რაიონის გამგეობა - [1498]","STOP_NAME","30"
"302","მოსკოვის გამზირი #19 - [1071]","STOP_NAME","31"
"302","მოსკოვის გამზირი #15 - [1069]","STOP_NAME","32"
"302","ვარლამ ჩერქეზიშვილის ქუჩა - [2149]","STOP_NAME","33"
"302","მ/ს "სამგორი" - [1066]","STOP_NAME","34"
"302","ტბელ აბუსერიძის ქუჩა - [3097]","STOP_NAME","35"
"302","მ/ს "ისანი" - [4584]","STOP_NAME","36"
"302","#87-ე საჯარო სკოლა - [1016]","STOP_NAME","37"
"302","ლეხ კაჩინსკის ქუჩა - [1014]","STOP_NAME","38"
"302","#96-ე საჯარო სკოლა - [2123]","STOP_NAME","39"
"302","მ/ს "300 არაგველი" - [4351]","STOP_NAME","40"
"302","#89-ე საჯარო სკოლა - [4348]","STOP_NAME","41"
"302","#202-ე უსინათლო და მცირემხედველთა საჯარო სკოლა - [4324]","STOP_NAME","42"
"302","მ/ს "ავლაბარი" - [4344]","STOP_NAME","43"
"302","ნიკოლოზ ბარათაშვილის ქუჩა - [3983]","STOP_NAME","44"
"302","თავისუფლების მოედანი - [822]","STOP_NAME","45"
"302","პირველი კლასიკური გიმნაზია - [819]","STOP_NAME","46"
"302","ოპერის თეატრი - [817]","STOP_NAME","47"
"302","მ/ს "რუსთაველი" - [815]","STOP_NAME","48"
"302","ფილარმონია - [4358]","STOP_NAME","49"
"302","მერაბ კოსტავას ქუჩა #47 - [810]","STOP_NAME","50"
"302","გმირთა მოედანი - [803]","STOP_NAME","51"
"302","სიმონ ჩიქოვანის ქუჩა - [3087]","STOP_NAME","52"
"302","პეკინის გამზირი - [926]","STOP_NAME","53"
"302","მ/ს "ტექნიკური უნივერსიტეტი" - [928]","STOP_NAME","54"
"302","სულხან ცინცაძის ქუჩა - [929]","STOP_NAME","55"
"302","ადამ მიცკევიჩის ქუჩა - [931]","STOP_NAME","56"
"302","მ/ს "სამედიცინო უნივერსიტეტი" - [1050]","STOP_NAME","57"
"302","ოთარ ჭილაძის ქუჩა - [1051]","STOP_NAME","58"
"302","რესპუბლიკური საავადმყოფო - [1054]","STOP_NAME","59"
"302","სამედიცინო უნივერსიტეტი - [1055]","STOP_NAME","60"
"302","მიხეილ ასათიანის ქუჩა - [997]","STOP_NAME","61"
"302","მ/ს "დელისი" - [4602]","STOP_NAME","62"
"302","პეტრე ქავთარაძის ქუჩა #19 - [3103]","STOP_NAME","63"
"302","დავით თავხელიძის ქუჩა - [990]","STOP_NAME","64"
"302","#122-ე საჯარო სკოლა - [988]","STOP_NAME","65"
"302","პეტრე ქავთარაძის ქუჩა #33 - [992]","STOP_NAME","66"
"302","#35-ე საჯარო სკოლა - [986]","STOP_NAME","67"
"302","პეტრე ქავთარაძის ქუჩა #45 - [984]","STOP_NAME","68"
"302","სპეციალური პენიტენციური სამსახური - [983]","STOP_NAME","69"
"302","ბაგების საბაგირო - [976]","STOP_NAME","70"
"302","უნივერსიტეტის მაღლივი კორპუსი - [977]","STOP_NAME","71"
"307","ქიზიყის ქუჩა #5 - [2929]","STOP_NAME","1"
"307","ქიზიყის ქუჩა #7 - [3222]","STOP_NAME","2"
"307","ქიზიყის ქუჩა #11 - [3220]","STOP_NAME","3"
"307","პოლიციის ქუჩა - [3223]","STOP_NAME","4"
"307","პეტრე სურგულაძის ქუჩა - [3211]","STOP_NAME","5"
"307","აბელ ენუქიძის ქუჩა - [2823]","STOP_NAME","6"
"307","ბესარიონ ჭიჭინაძის შესახვევი - [3212]","STOP_NAME","7"
"307","შალვა ნებიერიძის ქუჩა - [3213]","STOP_NAME","8"
"307","ლუკა რაზიკაშვილის ქუჩა - [3214]","STOP_NAME","9"
"307","#201-ე სუსტმხედველთა საჯარო სკოლა - [1098]","STOP_NAME","10"
"307","ბესარიონ ჭიჭინაძის ქუჩა #21 - [1095]","STOP_NAME","11"
"307","#94-ე საჯარო სკოლა - [1099]","STOP_NAME","12"
"307","#131-ე საჯარო სკოლა - [1093]","STOP_NAME","13"
"307","ზურაბ კვანტრიშვილის ქუჩა - [1101]","STOP_NAME","14"
"307","გუმათჰესის ქუჩა #10 - [1102]","STOP_NAME","15"
"307","ენგურჰესის ქუჩა - [3068]","STOP_NAME","16"
"307","ბესარიონ ჭიჭინაძის ქუჩა - [1103]","STOP_NAME","17"
"307","ფრონეს ქუჩა - [1091]","STOP_NAME","18"
"307","რქაწითლის ქუჩა - [3532]","STOP_NAME","19"
"307","ქინძმარაულის ქუჩა #32 - [3533]","STOP_NAME","20"
"307","ქინძმარაულის ქუჩა #15 - [1088]","STOP_NAME","21"
"307","საფერავის ქუჩა - [1090]","STOP_NAME","22"
"307","რკინიგზის მახარისხებელი - [1086]","STOP_NAME","23"
"307","გადასასვლელი ხიდი - [3536]","STOP_NAME","24"
"307","სამგორის პოლიციის დეპარტამენტი - [3055]","STOP_NAME","25"
"307","მოსკოვის გამზირი #47 - [1082]","STOP_NAME","26"
"307","ნანა სამარგულიანის ქუჩა - [1080]","STOP_NAME","27"
"307","მოსკოვის გამზირი #38 - [1076]","STOP_NAME","28"
"307","მოსკოვის გამზირი #24ა - [1074]","STOP_NAME","29"
"307","სამგორის რაიონის გამგეობა - [1498]","STOP_NAME","30"
"307","მოსკოვის გამზირი #19 - [1071]","STOP_NAME","31"
"307","მოსკოვის გამზირი #15 - [1069]","STOP_NAME","32"
"307","ვარლამ ჩერქეზიშვილის ქუჩა - [2149]","STOP_NAME","33"
"307","მ/ს "სამგორი" - [1066]","STOP_NAME","34"
"307","ტბელ აბუსერიძის ქუჩა - [3097]","STOP_NAME","35"
"307","მ/ს "ისანი" - [4584]","STOP_NAME","36"
"307","#87-ე საჯარო სკოლა - [1016]","STOP_NAME","37"
"307","ლეხ კაჩინსკის ქუჩა - [1014]","STOP_NAME","38"
"307","#96-ე საჯარო სკოლა - [2123]","STOP_NAME","39"
"307","მ/ს "300 არაგველი" - [4351]","STOP_NAME","40"
"307","#89-ე საჯარო სკოლა - [4348]","STOP_NAME","41"
"307","#202-ე უსინათლო და მცირემხედველთა საჯარო სკოლა - [4324]","STOP_NAME","42"
"307","მ/ს "ავლაბარი" - [4344]","STOP_NAME","43"
"307","ნიკოლოზ ბარათაშვილის ქუჩა - [3983]","STOP_NAME","44"
"307","თავისუფლების მოედანი - [822]","STOP_NAME","45"
"307","პირველი კლასიკური გიმნაზია - [819]","STOP_NAME","46"
"307","ოპერის თეატრი - [817]","STOP_NAME","47"
"307","მ/ს "რუსთაველი" - [815]","STOP_NAME","48"
"307","ფილარმონია - [4358]","STOP_NAME","49"
"307","მერაბ კოსტავას ქუჩა #47 - [810]","STOP_NAME","50"
"307","გმირთა მოედანი - [803]","STOP_NAME","51"
"307","სიმონ ჩიქოვანის ქუჩა - [3087]","STOP_NAME","52"
"307","პეკინის გამზირი - [926]","STOP_NAME","53"
"307","მ/ს "ტექნიკური უნივერსიტეტი" - [928]","STOP_NAME","54"
"307","სულხან ცინცაძის ქუჩა - [929]","STOP_NAME","55"
"307","ადამ მიცკევიჩის ქუჩა - [931]","STOP_NAME","56"
"307","მ/ს "სამედიცინო უნივერსიტეტი" - [1050]","STOP_NAME","57"
"307","ოთარ ჭილაძის ქუჩა - [1051]","STOP_NAME","58"
"307","რესპუბლიკური საავადმყოფო - [1054]","STOP_NAME","59"
"307","სამედიცინო უნივერსიტეტი - [1055]","STOP_NAME","60"
"307","მიხეილ ასათიანის ქუჩა - [997]","STOP_NAME","61"
"307","მ/ს "დელისი" - [4602]","STOP_NAME","62"
"307","პეტრე ქავთარაძის ქუჩა #19 - [3103]","STOP_NAME","63"
"307","დავით თავხელიძის ქუჩა - [990]","STOP_NAME","64"
"307","#122-ე საჯარო სკოლა - [988]","STOP_NAME","65"
"307","პეტრე ქავთარაძის ქუჩა #33 - [992]","STOP_NAME","66"
"307","#35-ე საჯარო სკოლა - [986]","STOP_NAME","67"
"307","პეტრე ქავთარაძის ქუჩა #45 - [984]","STOP_NAME","68"
"307","სპეციალური პენიტენციური სამსახური - [983]","STOP_NAME","69"
"307","ბაგების საბაგირო - [976]","STOP_NAME","70"
"307","უნივერსიტეტის მაღლივი კორპუსი - [977]","STOP_NAME","71"
"312","დიდი დიღომი IV მ/რ (ავტობაზა #2) - [1188]","STOP_NAME","1"
"312","#192-ე საჯარო სკოლა - [1190]","STOP_NAME","2"
"312","არჩილ მეფის ქუჩა #12 - [3316]","STOP_NAME","3"
"312","არჩილ მეფის ქუჩა #8 - [1191]","STOP_NAME","4"
"312","მარკო პოლოს ქუჩა - [3314]","STOP_NAME","5"
"312","დავით ბატონიშვილის ქუჩა - [1192]","STOP_NAME","6"
"312","იან ჰომერის ქუჩა - [3850]","STOP_NAME","7"
"312","მირიან მეფის ქუჩა #100 - [1193]","STOP_NAME","8"
"312","მირიან მეფის ქუჩა #90 - [1194]","STOP_NAME","9"
"312","თეიმურაზ I-ის ქუჩა - [4333]","STOP_NAME","10"
"312","ტარიელის ქუჩა - [2506]","STOP_NAME","11"
"312","გიორგი ბრწყინვალეს ქუჩა - [1196]","STOP_NAME","12"
"312","პეტრე იბერის ქუჩა #16 - [4200]","STOP_NAME","13"
"312","იოანე პეტრიწის ქუჩა #14 - [1197]","STOP_NAME","14"
"312","იოანე პეტრიწის ქუჩა #8 - [1198]","STOP_NAME","15"
"312","იოანე პეტრიწის ქუჩა #4 - [1199]","STOP_NAME","16"
"312","ფარნავაზ მეფის გამზირი - [2497]","STOP_NAME","17"
"312","გიორგი ბრწყინვალეს ქუჩა - [1200]","STOP_NAME","18"
"312","ანბანის სკვერი - [3697]","STOP_NAME","19"
"312","დავით აღმაშენებლის ხეივანი მე-12 კილომეტრი - [1201]","STOP_NAME","20"
"312","ჭაშნაგირის ქუჩა - [1203]","STOP_NAME","21"
"312","დაცვის პოლიცია - [2785]","STOP_NAME","22"
"312","ლევან ფიცხელიანის ქუჩა - [1202]","STOP_NAME","23"
"312","13 ასურელი მამის ქუჩა - [2064]","STOP_NAME","24"
"312","საქალაქო სასამართლო - [1205]","STOP_NAME","25"
"312","დავით აღმაშენებლის ხეივანი #44 - [3601]","STOP_NAME","26"
"312","ევგენი მიქელაძის ქუჩა - [4198]","STOP_NAME","27"
"312","სოფელ დიღმის გადასახვევი - [1174]","STOP_NAME","28"
"312","პოლიციის დეპარტამენტი - [2166]","STOP_NAME","29"
"312","გარემოს დაცვისა და სოფლის მეურნეობის სამინისტრო - [1171]","STOP_NAME","30"
"312","იასამნის ქუჩა - [3742]","STOP_NAME","31"
"312","იური გაგარინის ქუჩა #24 - [3292]","STOP_NAME","32"
"312","ელისაბედ ჩერქეზიშვილის ქუჩა - [1166]","STOP_NAME","33"
"312","ოჩამჩირის ქუჩა - [3293]","STOP_NAME","34"
"312","ზურაბ ჟვანიას მოედანი - [4574]","STOP_NAME","35"
"312","ეროვნული არქივი - [4130]","STOP_NAME","36"
"312","მ/ს "სამედიცინო უნივერსიტეტი" - [1050]","STOP_NAME","37"
"312","ოთარ ჭილაძის ქუჩა - [1051]","STOP_NAME","38"
"312","რესპუბლიკური საავადმყოფო - [1054]","STOP_NAME","39"
"312","სამედიცინო უნივერსიტეტი - [1055]","STOP_NAME","40"
"312","მიხეილ ასათიანის ქუჩა - [997]","STOP_NAME","41"
"312","მ/ს "დელისი" - [2129]","STOP_NAME","42"
"312","მარშალ არჩილ გელოვანის პარკი - [1263]","STOP_NAME","43"
"312","ვაჟა-ფშაველას გამზირი #57 - [3099]","STOP_NAME","44"
"312","მ/ს "ვაჟა-ფშაველა" - [1261]","STOP_NAME","45"
"312","ვარლამ თოფურიას ქუჩა - [1259]","STOP_NAME","46"
"312","მიხეილ შავიშვილის ქუჩა - [1256]","STOP_NAME","47"
"312","ვაჟა-ფშაველას გამზირი #91 - [3100]","STOP_NAME","48"
"312","მ/ს "სახელმწიფო უნივერსიტეტი" - [1254]","STOP_NAME","49"
"312","სპეციალური პენიტენციური სამსახური - [1252]","STOP_NAME","50"
"312","ბაგების საბაგირო - [976]","STOP_NAME","51"
"312","უნივერსიტეტის მაღლივი კორპუსი - [977]","STOP_NAME","52"
"314","დიდი დიღომი IV მ/რ (ავტობაზა #2) - [1188]","STOP_NAME","1"
"314","#192-ე საჯარო სკოლა - [1190]","STOP_NAME","2"
"314","არჩილ მეფის ქუჩა #12 - [3316]","STOP_NAME","3"
"314","არჩილ მეფის ქუჩა #8 - [1191]","STOP_NAME","4"
"314","მარკო პოლოს ქუჩა - [3314]","STOP_NAME","5"
"314","დავით ბატონიშვილის ქუჩა - [1192]","STOP_NAME","6"
"314","იან ჰომერის ქუჩა - [3850]","STOP_NAME","7"
"314","მირიან მეფის ქუჩა #100 - [1193]","STOP_NAME","8"
"314","მირიან მეფის ქუჩა #90 - [1194]","STOP_NAME","9"
"314","თეიმურაზ I-ის ქუჩა - [4333]","STOP_NAME","10"
"314","ტარიელის ქუჩა - [2506]","STOP_NAME","11"
"314","გიორგი ბრწყინვალეს ქუჩა - [1196]","STOP_NAME","12"
"314","პეტრე იბერის ქუჩა #16 - [4200]","STOP_NAME","13"
"314","იოანე პეტრიწის ქუჩა #14 - [1197]","STOP_NAME","14"
"314","იოანე პეტრიწის ქუჩა #8 - [1198]","STOP_NAME","15"
"314","იოანე პეტრიწის ქუჩა #4 - [1199]","STOP_NAME","16"
"314","ფარნავაზ მეფის გამზირი - [2497]","STOP_NAME","17"
"314","გიორგი ბრწყინვალეს ქუჩა - [1200]","STOP_NAME","18"
"314","ანბანის სკვერი - [3697]","STOP_NAME","19"
"314","დავით აღმაშენებლის ხეივანი მე-12 კილომეტრი - [1201]","STOP_NAME","20"
"314","ჭაშნაგირის ქუჩა - [1203]","STOP_NAME","21"
"314","დაცვის პოლიცია - [2785]","STOP_NAME","22"
"314","ლევან ფიცხელიანის ქუჩა - [1202]","STOP_NAME","23"
"314","13 ასურელი მამის ქუჩა - [2064]","STOP_NAME","24"
"314","საქალაქო სასამართლო - [1205]","STOP_NAME","25"
"314","დავით აღმაშენებლის ხეივანი #44 - [3601]","STOP_NAME","26"
"314","ევგენი მიქელაძის ქუჩა - [4198]","STOP_NAME","27"
"314","სოფელ დიღმის გადასახვევი - [1174]","STOP_NAME","28"
"314","პოლიციის დეპარტამენტი - [2166]","STOP_NAME","29"
"314","გარემოს დაცვისა და სოფლის მეურნეობის სამინისტრო - [1171]","STOP_NAME","30"
"314","იასამნის ქუჩა - [3742]","STOP_NAME","31"
"314","იური გაგარინის ქუჩა #24 - [3292]","STOP_NAME","32"
"314","ელისაბედ ჩერქეზიშვილის ქუჩა - [1166]","STOP_NAME","33"
"314","ოჩამჩირის ქუჩა - [3293]","STOP_NAME","34"
"314","ზურაბ ჟვანიას მოედანი - [4574]","STOP_NAME","35"
"314","ეროვნული არქივი - [4130]","STOP_NAME","36"
"314","მ/ს "სამედიცინო უნივერსიტეტი" - [1050]","STOP_NAME","37"
"314","ოთარ ჭილაძის ქუჩა - [1051]","STOP_NAME","38"
"314","რესპუბლიკური საავადმყოფო - [1054]","STOP_NAME","39"
"314","სამედიცინო უნივერსიტეტი - [1055]","STOP_NAME","40"
"314","მიხეილ ასათიანის ქუჩა - [997]","STOP_NAME","41"
"314","მ/ს "დელისი" - [2129]","STOP_NAME","42"
"314","მარშალ არჩილ გელოვანის პარკი - [1263]","STOP_NAME","43"
"314","ვაჟა-ფშაველას გამზირი #57 - [3099]","STOP_NAME","44"
"314","მ/ს "ვაჟა-ფშაველა" - [1261]","STOP_NAME","45"
"314","ვარლამ თოფურიას ქუჩა - [1259]","STOP_NAME","46"
"314","მიხეილ შავიშვილის ქუჩა - [1256]","STOP_NAME","47"
"314","ვაჟა-ფშაველას გამზირი #91 - [3100]","STOP_NAME","48"
"314","მ/ს "სახელმწიფო უნივერსიტეტი" - [1254]","STOP_NAME","49"
"314","სპეციალური პენიტენციური სამსახური - [1252]","STOP_NAME","50"
"314","ბაგების საბაგირო - [976]","STOP_NAME","51"
"314","უნივერსიტეტის მაღლივი კორპუსი - [977]","STOP_NAME","52"
"315","დიდი დიღომი IV მ/რ (ავტობაზა #2) - [1188]","STOP_NAME","1"
"315","#192-ე საჯარო სკოლა - [1190]","STOP_NAME","2"
"315","არჩილ მეფის ქუჩა #12 - [3316]","STOP_NAME","3"
"315","არჩილ მეფის ქუჩა #8 - [1191]","STOP_NAME","4"
"315","მარკო პოლოს ქუჩა - [3314]","STOP_NAME","5"
"315","დავით ბატონიშვილის ქუჩა - [1192]","STOP_NAME","6"
"315","იან ჰომერის ქუჩა - [3850]","STOP_NAME","7"
"315","მირიან მეფის ქუჩა #100 - [1193]","STOP_NAME","8"
"315","მირიან მეფის ქუჩა #90 - [1194]","STOP_NAME","9"
"315","თეიმურაზ I-ის ქუჩა - [4333]","STOP_NAME","10"
"315","ტარიელის ქუჩა - [2506]","STOP_NAME","11"
"315","გიორგი ბრწყინვალეს ქუჩა - [1196]","STOP_NAME","12"
"315","პეტრე იბერის ქუჩა #16 - [4200]","STOP_NAME","13"
"315","იოანე პეტრიწის ქუჩა #14 - [1197]","STOP_NAME","14"
"315","იოანე პეტრიწის ქუჩა #8 - [1198]","STOP_NAME","15"
"315","იოანე პეტრიწის ქუჩა #4 - [1199]","STOP_NAME","16"
"315","ფარნავაზ მეფის გამზირი - [2497]","STOP_NAME","17"
"315","გიორგი ბრწყინვალეს ქუჩა - [1200]","STOP_NAME","18"
"315","ანბანის სკვერი - [3697]","STOP_NAME","19"
"315","დავით აღმაშენებლის ხეივანი მე-12 კილომეტრი - [1201]","STOP_NAME","20"
"315","ჭაშნაგირის ქუჩა - [1203]","STOP_NAME","21"
"315","დაცვის პოლიცია - [2785]","STOP_NAME","22"
"315","ლევან ფიცხელიანის ქუჩა - [1202]","STOP_NAME","23"
"315","13 ასურელი მამის ქუჩა - [2064]","STOP_NAME","24"
"315","საქალაქო სასამართლო - [1205]","STOP_NAME","25"
"315","დავით აღმაშენებლის ხეივანი #44 - [3601]","STOP_NAME","26"
"315","ევგენი მიქელაძის ქუჩა - [4198]","STOP_NAME","27"
"315","სოფელ დიღმის გადასახვევი - [1174]","STOP_NAME","28"
"315","პოლიციის დეპარტამენტი - [2166]","STOP_NAME","29"
"315","გარემოს დაცვისა და სოფლის მეურნეობის სამინისტრო - [1171]","STOP_NAME","30"
"315","იასამნის ქუჩა - [3742]","STOP_NAME","31"
"315","იური გაგარინის ქუჩა #24 - [3292]","STOP_NAME","32"
"315","ელისაბედ ჩერქეზიშვილის ქუჩა - [1166]","STOP_NAME","33"
"315","ოჩამჩირის ქუჩა - [3293]","STOP_NAME","34"
"315","ზურაბ ჟვანიას მოედანი - [4574]","STOP_NAME","35"
"315","ეროვნული არქივი - [4130]","STOP_NAME","36"
"315","მ/ს "სამედიცინო უნივერსიტეტი" - [1050]","STOP_NAME","37"
"315","ოთარ ჭილაძის ქუჩა - [1051]","STOP_NAME","38"
"315","რესპუბლიკური საავადმყოფო - [1054]","STOP_NAME","39"
"315","სამედიცინო უნივერსიტეტი - [1055]","STOP_NAME","40"
"315","მიხეილ ასათიანის ქუჩა - [997]","STOP_NAME","41"
"315","მ/ს "დელისი" - [2129]","STOP_NAME","42"
"315","მარშალ არჩილ გელოვანის პარკი - [1263]","STOP_NAME","43"
"315","ვაჟა-ფშაველას გამზირი #57 - [3099]","STOP_NAME","44"
"315","მ/ს "ვაჟა-ფშაველა" - [1261]","STOP_NAME","45"
"315","ვარლამ თოფურიას ქუჩა - [1259]","STOP_NAME","46"
"315","მიხეილ შავიშვილის ქუჩა - [1256]","STOP_NAME","47"
"315","ვაჟა-ფშაველას გამზირი #91 - [3100]","STOP_NAME","48"
"315","მ/ს "სახელმწიფო უნივერსიტეტი" - [1254]","STOP_NAME","49"
"315","სპეციალური პენიტენციური სამსახური - [1252]","STOP_NAME","50"
"315","ბაგების საბაგირო - [976]","STOP_NAME","51"
"315","უნივერსიტეტის მაღლივი კორპუსი - [977]","STOP_NAME","52"
"320","დიდი დიღომი IV მ/რ (ავტობაზა #2) - [1188]","STOP_NAME","1"
"320","#192-ე საჯარო სკოლა - [1190]","STOP_NAME","2"
"320","არჩილ მეფის ქუჩა #12 - [3316]","STOP_NAME","3"
"320","არჩილ მეფის ქუჩა #8 - [1191]","STOP_NAME","4"
"320","მარკო პოლოს ქუჩა - [3314]","STOP_NAME","5"
"320","დავით ბატონიშვილის ქუჩა - [1192]","STOP_NAME","6"
"320","იან ჰომერის ქუჩა - [3850]","STOP_NAME","7"
"320","მირიან მეფის ქუჩა #100 - [1193]","STOP_NAME","8"
"320","მირიან მეფის ქუჩა #90 - [1194]","STOP_NAME","9"
"320","თეიმურაზ I-ის ქუჩა - [4333]","STOP_NAME","10"
"320","ტარიელის ქუჩა - [2506]","STOP_NAME","11"
"320","გიორგი ბრწყინვალეს ქუჩა - [1196]","STOP_NAME","12"
"320","პეტრე იბერის ქუჩა #16 - [4200]","STOP_NAME","13"
"320","იოანე პეტრიწის ქუჩა #14 - [1197]","STOP_NAME","14"
"320","იოანე პეტრიწის ქუჩა #8 - [1198]","STOP_NAME","15"
"320","იოანე პეტრიწის ქუჩა #4 - [1199]","STOP_NAME","16"
"320","ფარნავაზ მეფის გამზირი - [2497]","STOP_NAME","17"
"320","გიორგი ბრწყინვალეს ქუჩა - [1200]","STOP_NAME","18"
"320","ანბანის სკვერი - [3697]","STOP_NAME","19"
"320","დავით აღმაშენებლის ხეივანი მე-12 კილომეტრი - [1201]","STOP_NAME","20"
"320","ჭაშნაგირის ქუჩა - [1203]","STOP_NAME","21"
"320","დაცვის პოლიცია - [2785]","STOP_NAME","22"
"320","ლევან ფიცხელიანის ქუჩა - [1202]","STOP_NAME","23"
"320","13 ასურელი მამის ქუჩა - [2064]","STOP_NAME","24"
"320","საქალაქო სასამართლო - [1205]","STOP_NAME","25"
"320","დავით აღმაშენებლის ხეივანი #44 - [3601]","STOP_NAME","26"
"320","ევგენი მიქელაძის ქუჩა - [4198]","STOP_NAME","27"
"320","სოფელ დიღმის გადასახვევი - [1174]","STOP_NAME","28"
"320","პოლიციის დეპარტამენტი - [2166]","STOP_NAME","29"
"320","გარემოს დაცვისა და სოფლის მეურნეობის სამინისტრო - [1171]","STOP_NAME","30"
"320","იასამნის ქუჩა - [3742]","STOP_NAME","31"
"320","იური გაგარინის ქუჩა #24 - [3292]","STOP_NAME","32"
"320","ელისაბედ ჩერქეზიშვილის ქუჩა - [1166]","STOP_NAME","33"
"320","ოჩამჩირის ქუჩა - [3293]","STOP_NAME","34"
"320","ზურაბ ჟვანიას მოედანი - [4574]","STOP_NAME","35"
"320","ეროვნული არქივი - [4130]","STOP_NAME","36"
"320","მ/ს "სამედიცინო უნივერსიტეტი" - [1050]","STOP_NAME","37"
"320","ოთარ ჭილაძის ქუჩა - [1051]","STOP_NAME","38"
"320","რესპუბლიკური საავადმყოფო - [1054]","STOP_NAME","39"
"320","სამედიცინო უნივერსიტეტი - [1055]","STOP_NAME","40"
"320","მიხეილ ასათიანის ქუჩა - [997]","STOP_NAME","41"
"320","მ/ს "დელისი" - [2129]","STOP_NAME","42"
"320","მარშალ არჩილ გელოვანის პარკი - [1263]","STOP_NAME","43"
"320","ვაჟა-ფშაველას გამზირი #57 - [3099]","STOP_NAME","44"
"320","მ/ს "ვაჟა-ფშაველა" - [1261]","STOP_NAME","45"
"320","ვარლამ თოფურიას ქუჩა - [1259]","STOP_NAME","46"
"320","მიხეილ შავიშვილის ქუჩა - [1256]","STOP_NAME","47"
"320","ვაჟა-ფშაველას გამზირი #91 - [3100]","STOP_NAME","48"
"320","მ/ს "სახელმწიფო უნივერსიტეტი" - [1254]","STOP_NAME","49"
"320","სპეციალური პენიტენციური სამსახური - [1252]","STOP_NAME","50"
"320","ბაგების საბაგირო - [976]","STOP_NAME","51"
"320","უნივერსიტეტის მაღლივი კორპუსი - [977]","STOP_NAME","52"
"301","სადგურის მოედანი - [3072]","STOP_NAME","1"
"301","თევდორე მღვდლის ქუჩა - [4335]","STOP_NAME","2"
"301","მიხეილ წინამძღვრიშვილის ქუჩა - [2153]","STOP_NAME","3"
"301","დავით აღმაშენებლის გამზირი - [2786]","STOP_NAME","4"
"301","მერაბ ალექსიძის ქუჩა - [2779]","STOP_NAME","5"
"301","გმირთა მოედანი - [3558]","STOP_NAME","6"
"301","სახელმწიფო უნივერსიტეტი - [3953]","STOP_NAME","7"
"301","რაფიელ ერისთავის ქუჩა - [3957]","STOP_NAME","8"
"301","მზიური - [3961]","STOP_NAME","9"
"301","ლადო კავსაძის ქუჩა - [3965]","STOP_NAME","10"
"301","ნიკოლოზ ყიფშიძის ქუჩა - [3969]","STOP_NAME","11"
"301","ვაკის პარკი - [3979]","STOP_NAME","12"
"301","მიხეილ მესხის სახელობის სტადიონი - [1153]","STOP_NAME","13"
"301","სოლიკო ხაბეიშვილის ქუჩა - [1155]","STOP_NAME","14"
"301","კუს ტბის ასახვევი - [2132]","STOP_NAME","15"
"301","ექსპერტიზის ეროვნული ბიურო - [2799]","STOP_NAME","16"
"301","ჯანსულ კორძაიას ქუჩა - [1398]","STOP_NAME","17"
"301","ვახტანგ ტაბლიაშვილის ქუჩა - [3242]","STOP_NAME","18"
"301","ზურაბ საკანდელიძის ქუჩა - [1400]","STOP_NAME","19"
"301","ბაგების სტუდქალაქი - [2849]","STOP_NAME","20"
"300","სადგურის მოედანი - [3072]","STOP_NAME","1"
"300","თევდორე მღვდლის ქუჩა - [4335]","STOP_NAME","2"
"300","მიხეილ წინამძღვრიშვილის ქუჩა - [2153]","STOP_NAME","3"
"300","დავით აღმაშენებლის გამზირი - [2786]","STOP_NAME","4"
"300","მერაბ ალექსიძის ქუჩა - [2779]","STOP_NAME","5"
"300","გმირთა მოედანი - [3558]","STOP_NAME","6"
"300","სახელმწიფო უნივერსიტეტი - [3953]","STOP_NAME","7"
"300","რაფიელ ერისთავის ქუჩა - [3957]","STOP_NAME","8"
"300","მზიური - [3961]","STOP_NAME","9"
"300","ლადო კავსაძის ქუჩა - [3965]","STOP_NAME","10"
"300","ნიკოლოზ ყიფშიძის ქუჩა - [3969]","STOP_NAME","11"
"300","ვაკის პარკი - [3979]","STOP_NAME","12"
"300","მიხეილ მესხის სახელობის სტადიონი - [1153]","STOP_NAME","13"
"300","სოლიკო ხაბეიშვილის ქუჩა - [1155]","STOP_NAME","14"
"300","კუს ტბის ასახვევი - [2132]","STOP_NAME","15"
"300","ექსპერტიზის ეროვნული ბიურო - [2799]","STOP_NAME","16"
"300","ჯანსულ კორძაიას ქუჩა - [1398]","STOP_NAME","17"
"300","ვახტანგ ტაბლიაშვილის ქუჩა - [3242]","STOP_NAME","18"
"300","ზურაბ საკანდელიძის ქუჩა - [1400]","STOP_NAME","19"
"300","ბაგების სტუდქალაქი - [2849]","STOP_NAME","20"
"299","სადგურის მოედანი - [3072]","STOP_NAME","1"
"299","თევდორე მღვდლის ქუჩა - [4335]","STOP_NAME","2"
"299","მიხეილ წინამძღვრიშვილის ქუჩა - [2153]","STOP_NAME","3"
"299","დავით აღმაშენებლის გამზირი - [2786]","STOP_NAME","4"
"299","მერაბ ალექსიძის ქუჩა - [2779]","STOP_NAME","5"
"299","გმირთა მოედანი - [3558]","STOP_NAME","6"
"299","სახელმწიფო უნივერსიტეტი - [3953]","STOP_NAME","7"
"299","რაფიელ ერისთავის ქუჩა - [3957]","STOP_NAME","8"
"299","მზიური - [3961]","STOP_NAME","9"
"299","ლადო კავსაძის ქუჩა - [3965]","STOP_NAME","10"
"299","ნიკოლოზ ყიფშიძის ქუჩა - [3969]","STOP_NAME","11"
"299","ვაკის პარკი - [3979]","STOP_NAME","12"
"299","მიხეილ მესხის სახელობის სტადიონი - [1153]","STOP_NAME","13"
"299","სოლიკო ხაბეიშვილის ქუჩა - [1155]","STOP_NAME","14"
"299","კუს ტბის ასახვევი - [2132]","STOP_NAME","15"
"299","ექსპერტიზის ეროვნული ბიურო - [2799]","STOP_NAME","16"
"299","ჯანსულ კორძაიას ქუჩა - [1398]","STOP_NAME","17"
"299","ვახტანგ ტაბლიაშვილის ქუჩა - [3242]","STOP_NAME","18"
"299","ზურაბ საკანდელიძის ქუჩა - [1400]","STOP_NAME","19"
"299","ბაგების სტუდქალაქი - [2849]","STOP_NAME","20"